<?xml version="1.0" encoding="UTF-8"?>
<project-private xmlns="http://www.netbeans.org/ns/project-private/1">
    <editor-bookmarks xmlns="http://www.netbeans.org/ns/editor-bookmarks/2" lastBookmarkId="0"/>
    <open-files xmlns="http://www.netbeans.org/ns/projectui-open-files/2">
        <group>
            <file>file:/home/felipewlod/NetBeansProjects/FarmJava/src/br/com/farmacia/dao/ClienteDAO.java</file>
            <file>file:/home/felipewlod/NetBeansProjects/FarmJava/src/br/com/farmacia/view/CadastroColaboradores.java</file>
            <file>file:/home/felipewlod/NetBeansProjects/FarmJava/src/br/com/farmacia/model/Cliente.java</file>
            <file>file:/home/felipewlod/NetBeansProjects/FarmJava/src/br/com/farmacia/dao/ColaboradorDAO.java</file>
            <file>file:/home/felipewlod/NetBeansProjects/FarmJava/src/br/com/farmacia/view/AreaTrabalho.java</file>
            <file>file:/home/felipewlod/NetBeansProjects/FarmJava/src/br/com/farmacia/jdbc/ConexaoBanco.java</file>
            <file>file:/home/felipewlod/NetBeansProjects/FarmJava/src/br/com/farmacia/view/CadastroCliente.java</file>
            <file>file:/home/felipewlod/NetBeansProjects/FarmJava/src/br/com/farmacia/utilitarios/Utilitarios.java</file>
            <file>file:/home/felipewlod/NetBeansProjects/FarmJava/src/br/com/farmacia/view/CadastroProdutos.java</file>
            <file>file:/home/felipewlod/NetBeansProjects/FarmJava/src/br/com/farmacia/view/Login.java</file>
        </group>
    </open-files>
</project-private>
